content,topic
"Фото: Комплекс градостроительной политики и строительства города Москвы
В Савеловском районе Москвы, недалеко от станции метро «Савеловская», до конца 2025 года будет достроен и введен в эксплуатацию новый деловой центр Twist, рассказал заммэра столицы по вопросам градостроительной политики и строительства Андрей Бочкарев.
Комплекс будет включать в себя 42 офисных помещения общей площадью 19 тыс. кв. м. На строительной площадке уже стартовали монолитные работы, в частности монтаж распорной системы, необходимой для укрепления котлована. Строительство идет на средства частного инвестора, девелопером выступает компания «Sminex-Интеко».
Вице-мэр Бочкарев подчеркнул, что будущий бизнес-центр расположится в сердце крупного транспортного узла. В непосредственной близости проходят Третье транспортное кольцо (ТТК) и Бутырская улица, также неподалеку находится Савеловский вокзал, через который проходят первый и четвертый маршруты городской электрички МЦД. Заммэра особо отметил динамичный и футуристический дизайн здания: «Каждый последующий его этаж по площади больше предыдущего, а само здание «закручивается» в виде вихря».",6
"Фото: Комплекс градостроительной политики и строительства города Москвы
Три метромоста возвели столичные строители на соединительных ветках Большой кольцевой линии (БКЛ) метро с электродепо «Аминьевское», сообщил заммэра Москвы по вопросам градостроительной политики и строительства Андрей Бочкарев.
По его словам, мосты представляют собой П-образные галереи из металлических конструкций, установленные на железобетонные пролетные строения. «Сверху сооружения облицованы металлической кровлей, а по бокам — декоративными ламелями, — уточнил вице-мэр. — Все материалы высококачественные и устойчивые к погодным проявлениям».
По мнению главы столичного градостроительного комплекса, новые сооружения уже стали частью городского облика: «Основным цветом отделки метромостов стал серый кварцевый, при этом пролетные бетонные балки выполнены в бирюзовом — цвете Большой кольцевой линии метро».
В свою очередь, глава инжинирингового холдинга «Мосинжпроект» Юрий Кравцов сообщил, что один из мостов возведен на соединительной ветке от станции «Аминьевская», он проходит над рекой Навершкой. А еще две эстакады, которые используются для заезда и выезда из депо от станции «Давыдково», проходят над рекой Сетунь и улицей Верейской.
Глава холдинга, специалисты которого построили и реконструировали 12 электродепо, напомнил, что «Аминьевское» предназначено для ремонта и отстоя поездов БКЛ. Наряду с ним подвижной состав Большого кольца обслуживают депо «Замоскворецкое» и «Нижегородское».
Напомним, электродепо «Аминьевское» расположено на западе столицы у пересечения улиц Генерала Дорохова и Верейской. Мэр Москвы Сергей Собянин, открывая это сооружение, сообщил, что новое электродепо позволит увеличить количество поездов на БКЛ на 20–25%. В результате заметно сократятся интервалы движения составов по Большой кольцевой линии.",6
"Авиабаза Футенма (Фото: Carl Court / Getty Images)
В японской префектуре Окинава начались строительные работы новой военной базы США, куда будет перенесена уже существующая американская база Футенма, сообщил генеральный секретарь кабинета министров Японии Ёсимаса Хаяси на пресс-конференции, передает газета Asahi.
«Мы получили сообщение от Министерства обороны о том, что строительство на стороне залива Оура начнется сегодня, поскольку необходимые приготовления были завершены. <...> Исходя из политики правительства, согласно которой переезд в Хеноко является единственным решением, последовательное продолжение строительства позволит как можно скорее полностью вернуть авиабазу Футенма и устранить связанные с ней опасности», — заявил Хаяси.
Он уточнил, что период строительства, предположительно, продлится девять лет и три месяца.
В Японии разбился американский конвертоплан
Политика
Американская военная база, а именно аэродром Футенма, была построена в Японии в 1945 году в городе Гинован (находится в префектуре Окинава на острове. Там расположена база Корпуса морской пехоты США. Переместить базу собираются в город Наго в район Хеноко (тоже расположен в Окинаве).
Местные жители и власти Окинавы уже несколько лет находятся в конфликте с правительством Японии из-за этой военной базы. Одной из причин является то, что аэродром Футенма расположен прямо в центре города, в окружении жилых домов и школ, и местные власти называют ее «самой опасной базой в мире». Кроме того, жители Окинавы никогда не предлагали свою землю для строительства военной базы США, говорится в сообщении на сайте правительства префектуры, опубликованном в 2016 году.
Мэр Окинавы Ацуси Сакима отмечал, что военная база занимает 25% общей площади города, «представляет опасность и ухудшает повседневную жизнь, например из-за шумового воздействия». «Расположение аэродрома является решающим препятствием для городских функций, транспортной системы и общего развития города, препятствуя финансовому развитию города», — объяснял он.
Программа развития РБК Pro
Освойте 52 навыка за год
Программа развития — удобный инструмент непрерывного обучения новым навыкам для успешной карьеры
Какие неочевидные причины заставляют вас прокрастинировать
Хорошие связи: на какие стили можно разложить нетворкинг
Руководитель, от которого не уходят: как заслужить лояльность подчиненных
Если вы устали, дауншифтинг — не выход. Как сохранить карьеру
Как запоминать по 30 страниц — советы шведского Гранд-мастера памяти
9 способов сделать встречи продуктивнее — от простых до радикальных",6
"Открытый в 2023 году в Раменках инновационный кластер «Ломоносов» (Фото: пресс-служба Департамента строительства Москвы)
Уходящий год ознаменовался для столичного стройкомплекса обновлением нескольких рекордов и вводом в эксплуатацию ряда знаковых объектов. Однако на этом строители не останавливаются и планируют в 2024 году завершить работу по другим активным проектам и приступить к реализации новых. Об этом на пресс-конференции о ходе реализации адресной инвестиционной программы и программы реновации рассказал глава департамента строительства Москвы Рафик Загрутдинов.
«Из года в год мы увеличиваем не только объемы финансирования строительства, но и показатели ввода как по линейным объектам, так и по площади, — рассказал Рафик Загрутдинов. — Не считая инфраструктурных проектов, сейчас у нас в активной работе 470 объектов недвижимости различного назначения суммарной площадью 10 млн кв. м. Из этого только на 2024 год у нас запланирован ввод 220 объектов, площадь которых составит 5,3 млн кв. м».
Самые крупные и заметные для горожан объекты, появившиеся за последний год, связаны с транспортом — это замыкание Большой кольцевой линии (БКЛ) метро и открытие Московского скоростного диаметра (МСД) в черте МКАД.
Обладая протяженностью более 70 км, БКЛ стала самым большим метрокольцом в мире. Строительство линии велось более десяти лет и являлось крупнейшим проектом за почти 80-летнюю историю московского метро. Запуск движения по полному ходу кольца в марте 2023 года сократил время в пути для миллионов москвичей, создал новые межрайонные связи и центры притяжения.
Платформенный зал станции БКЛ «Сокольники» в день открытия, 1 марта 2023 года
(Фото: Михаил Гребенщиков / РБК)
В свою очередь, МСД — бессветофорная автомагистраль, представляющая собой объединение Северо-Восточной и Юго-Восточной хорд. В 2023 году произошли два знаковых события, связанных с МСД, — запуск движения по южному направлению и продление МСД за пределы МКАД в сторону Некрасовки, где она сомкнулась с трассой М-12 «Восток». Тем самым уже сейчас без поворотов и съездов можно проехать от Санкт-Петербурга до Казани (а в перспективе и за Урал).
Рассказываем о других значимых итогах московского департамента строительства в 2023 году и планах на 2024-й — в транспортной сфере и не только.
Инфраструктура и благоустройство
Помимо масштабных работ по проекту МСД в 2023 году московские строители завершили первый этап реконструкции развязки МКАД с Липецкой улицей, проложили мост через затон Новинки в районе ЗИЛа, а также провели реконструкцию Старо-Рублевского путепровода через железнодорожные пути МЦД-1. «По-прежнему на реконструкции находятся две развязки на МКАД: на пересечении с Алтуфьевским шоссе и на пересечении с улицами Верхние Поля и Капотня», — добавил Загрутдинов. Кроме того, в уходящем году был благоустроен участок Шелепихинской набережной от делового центра «Москва-Сити» до съезда на проспект Багратиона.
Реконструкция развязки МКАД с Липецкой улицей
(Фото: пресс-служба Департамента строительства Москвы)
В планах на 2024 год — закончить реконструкцию развязок на МКАД, продлить южное направление МСД до пересечения с автодорогой Солнцево — Бутово — Варшавское шоссе, благоустроить еще пять набережных (Крутицкую, Симоновскую, Шелепихинскую, Карамышевскую и Тараса Шевченко), а также построить ряд путепроводов — на Ленинградском шоссе, дублере Калужского шоссе и в районе Дубнинской улицы. Строители также собираются достроить несколько возводимых сегодня мостов — автомобильный через Москву-реку в Мнёвниках и пешеходные через Нагатинский затон, через Яузу у МГТУ им. Баумана, а также на остров Балчуг у «Красного Октября».
Ряд объектов, по словам главы депстроя, в наступающем году только начнут возводить. Среди них — путепроводы в Зеленограде и Южном Медведково, еще один мост в районе Мнёвниковской поймы и другие.
Жилое строительство и реновация
При плане в 4,8 млн кв. м жилья на весь 2023 год в Москве уже к ноябрю было введено свыше 5,6 млн кв. м жилой недвижимости. Примерно шестая часть всего объема — строительство по программе реновации. Работает она уже более шести лет, но темпы ее с каждым годом нарастают. Так, в 2023 году были демонтированы более 190 старых домов и сданы свыше 60 новых, в новые светлые квартиры переехали более 40 тыс. москвичей. В 2024 году столичные власти запланировали вовлечь в переселение уже 53 тыс. горожан.
Дом по программе реновации, по адресу: Севастопольский пр, 71к1
(Фото: Департамент строительства Москвы)
Особое внимание Загрутдинов уделил применению технологии «умного» сноса старых хрущевок, который, по сути, представляет собой скорее не снос, а поэтапный разбор здания по строгому алгоритму с упором на переработку и повторное использование стройматериалов. Масштабирование этого принципа на все площадки реновации позволило в уходящем году увеличить число демонтированных строений вчетверо к 2022 году, пояснил глава столичного депстроя. «Мэром Москвы была поставлена задача использовать именно такую технологию при демонтаже абсолютно всех домов по программе реновации», — добавил Загрутдинов.
С осени 2023 года столичному депстрою также поручено достраивать проблемные объекты для обманутых дольщиков. За последние месяцы было завершено возведение двух долгостроев в Новой Москве, в ближайшее время будет сдан третий объект, тоже на территории ТиНАО. Всего в работе у департамента сейчас девять подобных объектов.
Образование и наука
Особенность строительства образовательных объектов в том, что значительное их число возводится частными инвесторами. За счет бюджетных же средств в 2023 году в одной только старой Москве было построено пять школ и семь детсадов, еще четыре объекта планируется ввести до конца года. Всего же в активной работе у московских строителей находится 29 образовательных объектов.
Главным строительным проектом Москвы в сфере высшего образования и науки является создание нового кампуса МГТУ им. Баумана. Это масштабный кластер, раскинувшийся на обоих берегах Яузы и состоящий из 14 зданий общей площадью 170 тыс. кв. м. Именно на 2024 год запланирована сдача ключевых объектов кампуса — многофункционального комплекса для студентов, а также «Квантум-парка» и пяти зданий в ядре территории всего научно-образовательного кластера. По словам Рафика Загрутдинова, мэр Москвы Сергей Собянин поручил завершить строительство кампуса в 2024 году. На данный момент готовность объекта глава депстроя оценивает в 60%.
Объекты здравоохранения
Знаковый проект 2023 года в сфере строительства медучреждений — открытие флагманских центров неотложной помощи при ключевых больницах города. Построенные по новому московскому стандарту экстренной помощи, эти комплексы оборудованы передовой аппаратурой, а помещения организованы с учетом распределения потоков, чтобы наиболее тяжелые пациенты получали уход в первую очередь. Некоторые флагманы также оснащены вертолетными площадками.
Флагманский центр ГКБ № 15 имени О.М. Филатова
(Фото: пресс-служба Департамента строительства Москвы)
В уходящем году в Москве департаментом строительства Москвы введено в эксплуатацию 14 медицинских объектов, включая два флагманских центра, новые поликлиники, корпуса клинических больниц и подстанцию скорой помощи в Щербинке. На 2024 год запланировано открытие еще четырех поликлиник, лучевого корпуса больницы в Коммунарке, а также пятого флагмана — при ГКБ имени В.М. Буянова на Бакинской улице в Царицыно. Другой крупный проект на стадии строительства, который к тому же находится на особом контроле Сергея Собянина, — расширение детской больницы святого Владимира в Сокольниках. В новом корпусе появятся 15 разнопрофильных операционных, Центр гравитационной хирургии крови и гемодиализа, а также отделение интенсивной терапии для новорожденных. Готовность объекта глава депстроя оценивает в 45%.
Здоровый образ жизни
Однако наравне со строительством и ремонтом поликлиник и больниц столичные власти понимают необходимость предупредить поход к специалисту пропагандой здорового образа жизни. Однако любые программы должны иметь твердую базу в виде спортивной инфраструктуры. Сейчас же, как показало недавнее исследование НИУ ВШЭ, спортплощадки находятся в пешей доступности у 67% москвичей, фитнес-центры — у 57%, а бассейны — всего у 39%.
«Мы ставим перед собой важную цель — сделать спорт доступным для всех, — подчеркнул Рафик Загрутдинов. — В обозримом будущем в каждом районе Москвы появится бассейн, каток, универсальный игровой зал». На сегодняшний день в разных районах столицы построено шесть объектов спортивной инфраструктуры, еще два готовятся к вводу, план на 2024 год — четыре сооружения.",6
"Фото: stroi_mos_ru / Telegram
Возведение нового офисного центра у метро «ЦСКА» начнется летом 2024 года, рассказал заммэра Москвы по вопросам градостроительной политики и строительства Андрей Бочкарев. Квартал будет состоять из трех корпусов переменной этажности (13, 23 и 28 этажей) общей площадью 89 тыс. кв. м и будет располагаться между северным выходом из метро и ТРЦ «Авиапарк» на месте нынешней парковки.
По оценкам Бочкарева, после открытия в трех башнях делового центра появится возможность разместить 9 тыс. рабочих мест. «Кроме того, на первых этажах зданий будут открыты магазины, кафе, рестораны и фитнес-студии», — добавил вице-мэр. Территорию вокруг офисного центра благоустроят, соединив ее с близлежащим парком «Ходынское поле» в единый ансамбль.
Со своей стороны, глава Москомархитектуры Юлиана Княжевская подчеркнула тот факт, что офисный центр на Ходынке возводится в уже сложившемся районе с большим количеством жилья, парковыми зонами, магазинами, социальной и прочей инфраструктурой. «В шаговой доступности от жилых кварталов появляются рабочие места, точки оказания услуг и сервисы, которые нужны людям регулярно, — отметила Княжевская. — Градостроительная политика Москвы как раз направлена на стимулирование инвесторов к созданию подобных объектов».",6
"В Санкт-Петербурге задержали экс-главу «Метростроя Северной столицы» и чиновника Владимира Шмидта. Задержание может быть связано с хищением средств при строительстве станции «Путиловской», передают «Фонтанка» и 78.ru
Владимир Шмидт (Фото: Антон Ваганов / ТАСС)
Бывшего главу «Метростроя Северной столицы» и действующего зампредседателя комитета по транспорту Владимира Шмидта задержали в Санкт-Петербурге. Об этом сообщили «Фонтанка» и 78.ru со ссылкой на источники.
В пресс-службе комитета по транспорту сообщили РБК, что задержание не связано с его работой в комитете.
По словам источников «Фонтанки», речь может идти о хищении средств при строительстве станции «Путиловская».
РБК обратился за комментарием в пресс-службу прокуратуры Санкт-Петербурга.
Владимир Шмидт возглавлял «Метрострой Северной столицы» с конца 2020 года до конца 2022 года. При нем компания получила статус единственного подрядчика по проектированию, строительству и реконструкции метро. Она занималась строительством станций, которые уже находились в стадии реализации, — «Казаковская», «Путиловская», «Театральная» и «Горный институт». Однако в декабре прошлого года Шмидт написал заявление об уходе. На должности его сменил Кирилл Петров, который ушел менее чем через год. Сейчас место главы «Метрострой Северной столицы» занимает Дмитрий Васильев.
До этого Шмидт долгое время был главой строительной компании «Пилон», а также занимал пост первого заместителя председателя комитета по развитию транспортной инфраструктуры Санкт-Петербурга.",6
"Проектное решение станции «Новаторская» (Фото: Департамент строительства Москвы)
Грядущий 2024-й обещает стать очередным знаковым годом в московском метростроении. В столице завершится строительство 11 станций Троицкой линии — новой радиальной ветки, которая станет одним из самых протяженных радиусов московского метро. «Все мировые столицы неизбежно растут, а с ними растет и потребность перемещения людей с окраин», — объясняет необходимость строительства новых линий метро глава департамента строительства Москвы Рафик Загрутдинов. Ожидается, что Троицкая линия уже в следующем году дойдет до Коммунарки, а в перспективе достигнет и Троицка. Впервые подземка окажется так далеко за МКАД. Рассказываем, как идут строительные работы на новом радиусе и что изменится с его появлением.
Строительство Троицкой линии началось в 2018 году. Всего на ней будет 17 станций. Длина линии составит 43 км. Новая ветка московского метро пройдет от платформы «ЗИЛ» Московского центрального кольца (МЦК) через Новую Москву до города Троицка, расположенного в 20 км от МКАД. На карте Троицкая линия будет обозначена изумрудным цветом. По оценкам московской мэрии, ею будут пользоваться около 100 тыс. человек ежедневно.

11 новый станций
Троицкая линия возводится этапами. Первая очередь от станции «ЗИЛ» до «Коммунарки» общей протяженностью около 26 км включает в себя 11 станций: «ЗИЛ», «Крымская», «Академическая», «Вавиловская», «Новаторская», «Университет Дружбы Народов», «Генерала Тюленева», «Тютчевская», «Корниловская», «Бачуринская» и «Коммунарка». На участке Троицкой линии от «ЗИЛа» до «Коммунарки» живет почти 1 млн человек, из них в пешей доступности — свыше 400 тыс.
В конце ноября мэр Москвы Сергей Собянин заявил, что строительство участка вышло на финишную прямую. На участке идут строительно-монтажные и отделочные работы, монтаж инженерного оборудования. «По плану — завершить строительные работы до конца следующего года, но старайтесь раньше закончить, потому что готовность высокая», — обратился тогда мэр Москвы к представителю компании-подрядчика во время осмотра строительства станции «Тютчевская».

Проектное решение станции «Тютчевская»
(Фото: Департамент строительства Москвы)
Троицкая линия фактически станет дублером южных участков Сокольнической и Калужско-Рижской линий. «Особенно выиграют пассажиры оранжевой ветки, так как станция «Теплый Стан» перестанет быть главным пересадочным узлом», — подчеркивает Загрутдинов.
Пересадочный узел «Коммунарка»
«Коммунарка» станет первым пересадочным узлом на территории ТиНАО — переход можно будет совершить между Троицкой и Сокольнической линиями. «Коммунарку» на красной ветке открыли в 2019 году. При ее возведении оставили задел для строительства пересадки на одноименную станцию Троицкой линии, которая тогда уже была на этапе проектирования.

Новый пересадочный узел позволит жителям ТиНАО выбирать маршруты передвижения по городу. Сегодня жители Троицка и поселений, расположенных вдоль Калужского шоссе, вынуждены добираться на наземном общественном транспорте до станции метро «Теплый Стан» Калужско-Рижской линии метрополитена, а дальше на метро до центральной части города. После ввода Троицкой линии и пересадочного узла «Коммунарка» у жителей появятся альтернативные маршруты.
Проектное решение станции «Коммунарка»
(Фото: Департамент строительства Москвы)
Помимо «Коммунарки» с Троицкой линии будет переход на Калужско-Рижскую линию через станцию «Академическая». Еще два перехода будут на МЦК — на станциях «ЗИЛ» и «Крымская». На станции «Новаторская» можно будет перейти на одноименную станцию Большой кольцевой линии метро. Кроме того, появится переход на будущую Бирюлевскую линию со станции «ЗИЛ».
Научная точка притяжения
В состав участка с 11 станциями войдет и станция «Университет Дружбы Народов». «В шаговой доступности от новой станции расположено несколько крупных столичных вузов, в том числе Российский университет дружбы народов, Российский государственный геологоразведочный университет, Институт биоорганической химии РАН. С открытием станции тысячи студентов смогут добираться до мест обучения на метро, реже используя наземный транспорт», — подчеркивает глава столичного депстроя.
Станция «Университет Дружбы Народов» важна не только для студентов вузов, но и посетителей научных и медицинских центров, расположенных в этом районе, а также для порядка 240 тыс. человек, проживающих в районах рядом. Открытие «Университета Дружбы Народов», по расчетам столичной мэрии, позволит до 20% разгрузить станции «Беляево» и «Юго-Западная». Местные жители будут экономить до получаса в дороге, путь до МЦК займет 12 минут, до БКЛ — всего 3 минуты. Станет свободнее на Профсоюзной улице и Ленинском проспекте.

Проектное решение станции «Университет Дружбы Народов»
(Фото: Департамент строительства Москвы)
Импульс для развития новых территорий
Идея строительства метро в Новой Москве появились еще в 2011 году, когда было принято решение расширить границы столицы. Изначально новая ветка получила название «Коммунарская», поскольку ее собирались проложить до поселка Коммунарка. Однако в 2019 году было принято решение продлить новый радиус до Троицка, а ветка стала называться Троицкой. С появлением новой линии метро развивающиеся территории Новой Москвы получат скоростное беспересадочное транспортное сообщение с районами центрального, западного, юго-западного и южного секторов Москвы.
Новый радиус позволит улучшить транспортное обслуживание 11 районов столицы: Даниловского, Нагорного, Донского, Котловки, Академического, Гагаринского, Ломоносовского, Обручевского, проспекта Вернадского, Коньково и Теплого Стана. В зоне прохождения Троицкой линии четыре поселения — Мосрентген, Сосенское, Воскресенское, Десеновское, а также городской округ Троицк.
Кроме того, новый радиус метро будет способствовать повышению мобильности трудовых ресурсов. В мэрии подчеркивают, что в целом строительство нового полноценного радиуса метро является одним из важнейших условий роста деловой активности на прилегающих территориях и создает предпосылки для реализации полицентрической модели развития Москвы.
Путь до Троицка
Оставшийся участок в 16,8 км от Коммунарки до Троицка насчитывает шесть станций: «Сосенки», «Ракитки», «Десна», «Кедровая», «Ватутинки» и собственно «Троицк». Строительство будет вестись в два этапа. Вся градостроительная документация оставшегося пути до Троицка уже утверждена. Первый участок, от «Коммунарки» до станции «Кедровая», протяженностью 10,5 км планируют запустить в 2028 году. Строительство последнего участка, от «Кедровой» до станции «Троицк», планируют закончить год спустя — в 2029-м.",6
"Андрей Бочкарев (Фото: Сергей Киселев / АГН «Москва»)
Столичные власти планируют в 2024 году построить за счет средств инвестора школу и детский сад в городе Московский (ТиНАО), сообщил заммэра Москвы по вопросам градостроительной политики и строительства Андрей Бочкарев.
«На территории Новой Москвы за счет внебюджетных источников ведется строительство детского сада на 350 мест общей площадью 5 тыс. кв. м и школы на 1,1 тыс. мест, которая займет примерно 20,1 тыс. кв. м, — уточнил глава градостроительного комплекса. — Оба объекта возводятся согласно инвестконтракту и будут переданы столице».
По словам вице-мэра, в рамках строительства объектов на территории ЖК «Первый Московский», девелопером которого выступает инвестгруппа «Абсолют», также предусмотрено создание спортплощадок и их благоустройство: там появится зона для групповых занятий, а для школьников организуют уличный комплекс с футбольным полем, баскетбольной площадкой и беговой дорожкой.
В мэрии также отметили, что в детском саду разместят помещения для 14 групп, физкультурный и музыкальный залы, кружковую зону, столовую с пищеблоком и медицинский кабинет. В здании школы оборудуют учебные кабинеты, лаборатории, IT-полигон, актовый зал со сценой и гримерными, а также зоны рекреации.
По словам председателя Москомархитектуры Юлианы Княжевской, соответствующая документация в столице оформляется с учетом комплексного развития территорий.
«Формируя планы развития территорий, закладывается возможность создания многофункциональных, максимально комфортных районов как для проживания, так и для учебы, работы, отдыха, — подчеркнула Княжевская. — Обеспеченность жилых кварталов инфраструктурой, тем более в шаговой доступности — важный показатель комфортной городской среды».",6
"Патриарх Кирилл выделил субсидию 150 млн руб. на строительство храма борцов с сектами в Москве. Стоимость оценивалась в 200 млн руб., но после возобновления строительства увеличилась на 100 млн руб. Приход обратился к главе РПЦ
Патриарх Кирилл (Фото: Сергей Бобылев / ТАСС)
Патриарх Московский и всея Руси Кирилл выделил 150 млн руб. на строительство на юге Москвы храма борцов с сектами, задуманного при жизни убитым в 2009 году священником Даниилом Сысоевым, сообщила пресс-служба куратора программы строительства храмов в столице, депутата Госдумы Владимира Ресина.
«Когда после технологического перерыва возобновилось строительство каменного храма Пророка Даниила на «Кантемировской», выяснилось, что стоимость строительства увеличилась на 100 млн руб. Чтобы не тормозить процесс, приход обратился к патриарху Кириллу, и предстоятель РПЦ решил выделить субсидию в размере 150 млн руб. на строительство и благоукрашение храма», — говорится в сообщении.
Ресин рассказал, что общая стоимость проекта составила 300 млн руб., она увеличилась, поскольку «за прошедшие годы подорожала стоимость и материалов, и работ». По его словам, сдача объекта запланирована на вторую половину 2025 года. «Силами прихода уже возведен полноценный нижний крестильный храм со сводами, рассчитанный на 300 человек. <...> С субсидией от патриарха мы сможем сделать все в запланированные сроки», — цитирует депутата пресс-служба.
В сообщении отмечается, что при храме планируют открыть миссионерский магазин и библиотеку. Община храма также создает миссионерский центр для предотвращения угрозы, которую представляют действующие в Москве «различные секты». «Община планирует развернуть деятельность по ознакомлению нехристианских диаспор с основами православного христианства, что в перспективе способствовало бы улучшению межнациональных отношений в Москве», — рассказали в пресс-службе Ресина.
РБК направил запрос в синодальный отдел по взаимоотношениям церкви с обществом и СМИ Московского патриархата.
Клишас назвал провокационным изображение храма без креста на купюрах
Финансы
Ранее приблизительная стоимость строительства храма Пророка Даниила оценивалась в 200 млн руб., а примерная стоимость нулевого цикла (закладки фундамента и коммуникаций) — в 35,6 млн руб. «В новом храме будет продолжаться активная работа по борьбе с сектами и иными оккультными организациями, пагубно влияющими на духовный климат нашего города», — говорится на сайте, посвященном храму.
Программа развития РБК Pro
Освойте 52 навыка за год
Программа развития — удобный инструмент непрерывного обучения новым навыкам для успешной карьеры
Какие неочевидные причины заставляют вас прокрастинировать
Хорошие связи: на какие стили можно разложить нетворкинг
Руководитель, от которого не уходят: как заслужить лояльность подчиненных
Если вы устали, дауншифтинг — не выход. Как сохранить карьеру
Как запоминать по 30 страниц — советы шведского Гранд-мастера памяти
9 способов сделать встречи продуктивнее — от простых до радикальных
Иерей Даниил Сысоев был убит 19 ноября 2009 года в храме Апостола Фомы на Кантемировской улице, где был настоятелем. По основной версии следствия, преступление было совершено на религиозной почве. Священнослужитель не раз выступал с критикой ислама. В 2010 году Следственный комитет сообщил, что предполагаемый убийца был ликвидирован при задержании в Махачкале, в ходе которого оказал сопротивление.",6
"Андрей Бочкарев (Фото: Михаил Гребенщиков / РБК)
В Пресненском районе Центрального административного округа столицы в ходе реорганизации территории бывшей промышленной зоны появится новое социокультурное пространство. Об этом рассказал заммэра Москвы по вопросам градостроительной политики и строительства Андрей Бочкарев.
По словам вице-мэра, кластер на территории бывшего завода Мамонтова включит в себя амфитеатр, игровую площадку и кибердом — мультифункциональное пространство, задуманное для развития российской кибербезопасности. Всю территорию сделают пешеходной, а в центре обустроят площадь, на которой станет возможным проведение лекций, концертов, выставок и летних гастрономических фестивалей.
«На площадке 4,5 га в Пресненском районе помимо восьми жилых корпусов инвестор обустроит пространство, на котором разместятся объекты социальной и культурной инфраструктуры, — уточнил глава столичного градостроительного комплекса. — Более трети площади квартала займут парковые зоны с местами для отдыха, скверами и аллеями, французским парком и двумя садами».
Главный архитектор Москвы Сергей Кузнецов добавил, что архитектурный проект будет сочетать современные здания и отреставрированные дома прошлого столетия. В исторических зданиях разместят все для качественной жизни и развития — шоурум российских дизайнеров, детский сад, фитнес, кофейни, рестораны и другие объекты, которые входят в состав многофункционального жилого комплекса Lucky по адресу: Звенигородское ш., вл. 12.
Что качается кибердома, по словам Кузнецова, здание спроектировано так, чтобы пространство легко трансформировалось под разнообразные по формату события и задачи, а всем гостям было комфортно и интересно. «Для этого здесь открыто кафе, расположены постоянная и временная экспозиции, а также фиджитал-киберполигон в формате шоу», — подчеркнул главный архитектор столицы.",6
"Власти Дубая потратят 18 млрд дирхамов (около $5 млрд) на строительство новой линии метро протяженностью 30 км с 14 станциями, которая объединит деловой и жилые районы города, а также аэропорт. Запуск планируется в 2029 году
Фото: Government of Dubai Media Office
Правительство Дубая потратит 18 млрд дирхамов ($5 млрд) на строительство новой линии метро протяженностью 30 км, сообщает пресс-служба правительства города в соцсети X.
Голубая линия с 14 станциями соединит район Дубай-Крик-Харбор с Интернэшнл-Сити и Международным академгородком Дубая. Ее запуск планируется в 2029 году.
Согласно сообщению, контракты на строительство новой линии будут заключены в 2024 году. Маршрут соединит растущее число жилых районов на востоке Дубая. Расширение сети метро Дубая — один из пунктов плана развития города и имеет важное значение для снижения нагрузки на дорожную сеть.
15,5 км маршрута будут проходить под землей, включая подземную станцию площадью 44 тыс. кв. м в Интернэшнл-Сити. Голубая линия обеспечит прямое сообщение международного аэропорта Дубая с девятью ключевыми районами вдоль линии. Ожидается, что время в пути между этими пунктами назначения составит от десяти до 25 минут.
Bloomberg сообщил о конце российского «бума» на недвижимость в Дубае
Экономика
Линия рассчитана на пропускную способность около 56 тыс. пассажиров в час в обоих направлениях с интервалом обслуживания около 1,5 минуты. Согласно плану, к 2030 году она будет обслуживать около 200 тыс. пассажиров ежедневно, а к 2040-му — до 320 тыс.
Первая линия метро в Дубае открылась в 2009 году, спустя еще два года заработала вторая. Общая протяженность сети метрополитена составляет около 90 км. Все поезда работают в автономном режиме, без машиниста.",6
"Строительство новой штаб-квартиры «Яндекса» (Фото: Михаил Гребенщиков / РБК)
Неподалеку от Воробьевых гор продолжается возведение новой штаб-квартиры «Яндекса». К настоящему моменту на объекте полностью завершены монолитные работы, строители приступили к монтажу фасадов и отделке помещений. Об этом рассказал заммэра Москвы по вопросам градостроительной политики и строительства Андрей Бочкарев.
«Сейчас идет работа по устройству перегородок и отделка подземной части. Одновременно специалисты занимаются монтажом внутренних инженерных систем и прокладкой наружных сетей, в ближайшее время планируется приступить к устройству кровли здания, отделке помещений надземной части, а также к монтажу лифтов и эскалаторов», — добавил Бочкарев. По его оценкам, общая готовность объекта сейчас составляет 41%, строительство идет в соответствии с графиком.
Планы разместить в Гагаринском районе столицы современную штаб-квартиру IТ-гигант «Яндекс» приоткрыл в 2018 году, когда выкупил участок земли площадью около 4 га с расположенной там гостиницей «Корстон». Само строительство продолжается уже более двух лет, завершить его планируется к середине 2025 года.
Как выглядит новая штаб-квартира «Яндекса» за 1,5 года до открытия
Фотогалерея 
Общая площадь здания составит 262 тыс. кв. м, однако сами офисы займут менее половины пространства. Остальное — рестораны и кафе, аудиторные залы, учебные классы, музей и другая общественная и образовательная инфраструктура.",6
"Его российскую «дочку» «ЛифтКоннект» купил холдинг S8 Capital, который до этого также приобрел российское подразделение американской Otis. Обслуживание лифтов будет осуществляться под брендом Meteor Lift
Фото: Михаил Воскресенский / РИА Новости
Финская компания Kone, занимающаяся производством лифтов и эскалаторов, завершила уход из России, говорится в сообщении на ее сайте.
Kone продала свое российское подразделение холдингу S8 Capital Армена Саркисяна, который ранее также купил российскую «дочку» другого производителя лифтов — Otis.
Сделку уже согласовали российские регулирующие органы, ее сумму финский производитель не раскрыл. В России у Kone около 300 сотрудников.
Производитель лифтов Otis объявил о продаже российского бизнеса
Бизнес
В S8 Capital сообщили РБК, что сделка по покупке компании «ЛифтКоннект» включает приобретение ее сервисного портфеля (7 тыс. единиц оборудования), в том числе высокоскоростных лифтов в шести регионах России. 300 российских сотрудников Kone сохранят свои рабочие места, их переведут в сервисное подразделение Meteor Lift, которое будет заниматься обслуживанием лифтов. Общий сервисный портфель компании увеличился до 51,3 тыс. единиц, отмечается в сообщении.
В S8 Capital добавили, что для качественного и безопасного ремонта будут использовать наработки в области поставок российских комплектующих и комплектующих из дружественных стран.
После начала военной спецоперации России на Украине Kone объявила о временном прекращении поставок, а также сообщила, что временно прекращает прием новых заказов. Летом 2022 года производитель говорил, что продаст российский бизнес топ-менеджменту компании.
Программа развития РБК Pro
Освойте 52 навыка за год
Программа развития — удобный инструмент непрерывного обучения новым навыкам для успешной карьеры
Какие неочевидные причины заставляют вас прокрастинировать
Хорошие связи: на какие стили можно разложить нетворкинг
Руководитель, от которого не уходят: как заслужить лояльность подчиненных
Если вы устали, дауншифтинг — не выход. Как сохранить карьеру
Как запоминать по 30 страниц — советы шведского Гранд-мастера памяти
9 способов сделать встречи продуктивнее — от простых до радикальных
Американская Otis в июле 2022-го продала свой российский бизнес компании Ice Development. В Минпромторге России пояснили, что «Айс Девелопмент» входит в периметр интересов S8 Capital. Холдинг развивает IT-решения в финсекторе, ретейле, телекоммуникациях, электронной коммерции и медиа, владеет распространителем гослотерей «Столото». В декабре «Отис лифт» сменила название на «Метеор лифт».",6
"Фото: Алексей Смышляев / Global Look Press
Специалистам в области строительства сегодня очень не хватает так называемых цифровых компетенций. Строительные вузы и IT-компании столицы активно восполняют этот пробел. По словам заммэра Москвы по вопросам градостроительной политики и строительства Андрея Бочкарева, на данный момент более 800 слушателей уже прошли обучение по программе «Цифровой инженер ПТО» на базе Московского государственного строительного университета (МГСУ). А в ближайшем будущем планируется обучать около 1 тыс. человек в год.
«В обозримой перспективе все объекты будут проектировать, строить и эксплуатировать с помощью цифровых информационных моделей. Квалифицированных специалистов для такой работы необходимо готовить и обучать уже сейчас», — пояснил Бочкарев.
Помимо вышеуказанной специальности планируется запустить программу по цифровым закупкам для снабженцев (первый поток из 100 человек начнет обучение уже в этом году), а также по повышению цифровых знаний у руководителей строительных проектов и специалистов организации строительства.
Андрей Тян, гендиректор «Аметист Кэпитал» (ГК «Аметист Групп») — компании, которая занимается подготовкой кадров совместно с МГСУ, — убежден, что переход к ведению исполнительной документации в электронном виде — одно из самых востребованных направлений цифровизации: «Специалисты должны уметь отслеживать этапы согласования и подписания проектной и рабочей документации, формировать, дорабатывать и подписывать исполнительную документацию в электронном виде».",6
"Фото: Александр Кряжев / РИА Новости
За июль—сентябрь 2023 года частные инвесторы подписали со столичными властями 26 договоров на передачу 51 соцобъекта, построенного в городе на их средства. Об этом сообщил заммэра Москвы по вопросам градостроительной политики и строительства Андрей Бочкарев.
Из указанного числа объектов 47 относятся к сфере образования (детсады и школы), еще четыре — здравоохранения (поликлиники). По словам Бочкарева, строительство и последующая передача муниципальным властям возведенных на частные деньги соцобъектов является частью нового механизма по участию инвесторов в развитии социальной инфраструктуры: «Эти договоры позволяют получить гарантию по дальнейшей передаче построенных объектов городу».
Подобный механизм появился в столице в феврале 2021 года. С того момента девелоперы при планировании новых кварталов под застройку обязаны не только построить сам жилой комплекс, но и обеспечить его социальной инфраструктурой. Ранее в мэрии Москвы сообщали, что с начала 2023 года по август включительно город согласовал таким образом возведение еще 78 соцобъектов в рамках создаваемых жилых кварталов.",6
"Строительство Национального космического центра  (Фото: Роскосмос Медиа / ТАСС)
Строительство Национального космического центра (НКЦ) подходит к концу, специалисты приступили к оформлению фасадов зданий. Об этом рассказал столичный градоначальник Сергей Собянин, посетивший стройку вместе с главой Минпромторга России Денисом Мантуровым и гендиректором госкорпорации «Роскосмос» Юрием Борисовым. «Мы активно продолжаем строить Национальный космический центр по поручению президента, — отметил мэр Москвы. — Закончены основные монтажные работы. Все 47 этажей высотного здания смонтированы, приступили к фасадным работам, инженерии, отделочным работам».
В свою очередь, вице-мэр Москвы по вопросам градостроительной политики и строительства Андрей Бочкарев добавил, что весь комплекс, общая площадь зданий которого превышает 250 тыс. кв. м, будет выполнен в единой стилистике. Для внешней отделки используются модульные фасады общей площадью 140 тыс. кв. м, из них 120 тыс. кв. м займут светопрозрачные конструкции. «Все здания Национального космического центра соединены между собой пешеходной галереей и мостовыми переходами, — уточнил заммэра. — Длина центральной галереи, которая примыкает к 47-этажной башне и связывает между собой все корпусы, превышает 500 метров».
Руководитель строительного подразделения холдинга «Мосинжпроект» Константин Маслаков рассказал, что 288-метровую башню увенчает 40-метровый шпиль, на самом верху которого установят прожектор, а по вертикали — линейные светильники. Вся высотная часть будет освещена холодным белым светом, а нижние этажи — теплым желтым.
Комплекс зданий НКЦ строится в столичном районе Филевский парк вдоль улицы Мясищева на свободной территории Центра имени Хруничева. Предполагается, что в НКЦ переедут десятки КБ, предприятий и ведомств, связанных с космической отраслью России. Завершение строительства кластера намечено на 2024 год.",6
"Фото: Александр Кряжев / РИА Новости
По итогам третьего квартала 2023 года Москомархитектура получила 18,5 тыс. электронных заявок на предоставление госуслуг. В сравнении с аналогичным периодом прошлого года их число выросло на 20%, или 3 тыс. обращений. Об этом рассказала глава столичного ведомства Юлиана Княжевская.
По ее словам, почти половина от полученных и обработанных заявлений (а это 8,5 тыс. штук) касаются приемки исполнительной документации для ведения сводного плана подземных коммуникаций в городе. Второе и третье места по популярности среди предоставляемых Москомархитектурой госуслуг делят выдача архитектурно-градостроительных решений и передача документов для размещения в информационной системе города.
Рост числа заявок говорит об активном развитии строительной сферы, в том числе, о появлении новых проектов, отметила Княжевская.",6
"Фото: Валерий Шарифулин / ТАСС
При проектировании и строительстве новых объектов Московского метрополитена с каждым годом используется все больше инновационных технологий. Об основных цифровых инструментах столичного метростроя рассказал заммэра Москвы по вопросам градостроительной политики и строительства Андрей Бочкарев.
Ключевая из современных технологий — применение трехмерных моделей объекта. «По сути, речь идет про цифровых двойников станций, пристанционных сооружений и перегонов, — отметил Бочкарев. — Информационное моделирование позволяет проводить так называемое виртуальное строительство, чтобы избежать коллизий, которые могут возникнуть при реальном возведении объекта». Так, 3D-моделирование использовалось при строительстве восточного участка Большой кольцевой линии и продолжает использоваться сейчас при проектировке и возведении радиальных линий.
Другой инструмент — технологии информационного моделирования (ТИМ). По сути, это единое цифровое пространство со всеми данными по объекту, которое используется инженерами и строителями на всем протяжении жизни объекта — от проектирования до эксплуатации. Глава инжинирингового холдинга «Мосинжпроект» Юрий Кравцов сообщил, что в данный момент ТИМ активно используются при проектировании перспективной Рублево-Архангельской линии.
Третья особенность цифровизации столичного метростроя — переход на российское ПО в условиях курса на импортозамещение. Специалисты «Мосинжпроекта» в данный момент разрабатывают базу компонентов информационных моделей с использованием именно отечественного софта. По словам замглавы холдинга Михаила Надота, первым крупным объектом Московского метрополитена, который целиком проектируется на российском ПО, стало электродепо «Бирюлевское». Оно будет обслуживать строящуюся ныне одноименную линию метро, планируемую к запуску в 2027 году.",6
"Фото: Максим Мишин, пресс-служба мэра и правительства столицы / АГН «Москва»
В Южном Бутово по адресу: улица Краснолиманская, 27, утверждено строительство детского сада на 200 мест. На участке площадью 0,72 га возведут здание площадью 5 тыс. кв. м и высотой 25 м. Изменения в правила землепользования и застройки для строительства детского сада уже утверждены, а к формированию объемно-планировочных решений проекта и прилегающей территории приступят на более поздних этапах реализации.
Как отмечает и.о. председателя Москомархитектуры Юлиана Княжевская, застройка будет осуществлена за счет бюджета города и включена в адресную инвестиционную программу (АИП). «Строительство социальных объектов является одним из приоритетных направлений в развитии города и комфортного в нем проживания», — подчеркнула Княжевская.
Ранее мэр Москвы Сергей Собянин рассказал, что в Южном Бутово на Бунинской аллее закончили физкультурно-оздоровительный комплекс с двумя бассейнами. На улице Поляны более чем на 70% готов детский сад на 235 мест, и еще один на 150 мест появится на Варшавском шоссе.
В рамках АИП утверждается распределение расходов городского бюджета на финансирование мероприятий государственных программ Москвы на очередной финансовый год и плановый период, на данный момент утверждена программа на 2023–2025 годы. Ранее и.о. вице-мэра Москвы по вопросам градостроительной политики и строительства Андрей Бочкарев отмечал, что порядка трети заложенных в АИП средств будет направляться на развитие социальной инфраструктуры, подразумевающей комплексное строительство объектов образования, спорта, здравоохранения и культуры.",6
"Сотрудники правоохранительных органов задержали учредителей компании-подрядчика стройки крупнейшей мечети Крыма. В мае этого года президент Владимир Путин требовал закончить ее строительство как можно быстрее
Фото: Сергей Мальгавко / ТАСС
В среду, 20 сентября, сотрудники правоохранительных органов задержали Энвера Эмираджиева, который руководил строительством Соборной мечети в Симферополе, об этом РБК сообщил источник в правоохранительных органах, информацию подтвердил источник, знакомый с материалами дела. Собеседник не уточнил, связано ли задержание со строительством мечети.
Эмираджиева, которого телеканал «Крым 24» называл генеральным директором подрядной организации по строительству Соборной мечети, подозревают в крупном мошенничестве (ч. 4 ст. 159 УК). Максимальное наказание по этой статье Уголовного кодекса составляет до десяти лет лишения свободы. Также по подозрению в мошенничестве был задержан бизнесмен Эдуард Кутуков.
По данным «РБК Компании», фигуранты дела являются учредителями ООО «Индустрия развития». Эмираджиев также руководит этой компанией. В 2022 году компания показала выручку 430,69 млн руб., прибыль составила 32,52 млн руб. Основным видом деятельности является строительство жилых и нежилых зданий.
В 2019 году Энверу Эмираджиеву было присвоено звание «Заслуженный строитель Республики Крым», говорится на сайте Госсовета республики. Он также является членом Совета крымских татар при главе Республики Крым.
О том, что Эмираджиев руководит строительством мечети, упоминалось в публикации сайта «Крымские известия». В мае этого года президент Владимир Путин на заседании Совета по межнациональным отношениям потребовал как можно скорее закончить строительство мечети.
«Подготовили графики. Передали на утверждение. Объект будет сдан в этом году. К сентябрю будет готово, все сдадут. Сейчас заканчиваются фасадные работы. Внутри заканчиваются инженерные сооружения. Работы много», — говорил Эмираджиев после выступления президента телеканалу «Крым 24».
Компании Эмираджиева также строят туристическо-рекреационный комплекс SkySoul Resort и несколько домов в Коктебеле. «Индустрия развития», по данным СПАРК, занималась возведением модульных фельдшерско-акушерских пунктов в селах Крыма.
Программа развития РБК Pro
Освойте 52 навыка за год
Программа развития — удобный инструмент непрерывного обучения новым навыкам для успешной карьеры
Какие неочевидные причины заставляют вас прокрастинировать
Хорошие связи: на какие стили можно разложить нетворкинг
Руководитель, от которого не уходят: как заслужить лояльность подчиненных
Если вы устали, дауншифтинг — не выход. Как сохранить карьеру
Как запоминать по 30 страниц — советы шведского Гранд-мастера памяти
9 способов сделать встречи продуктивнее — от простых до радикальных
Строительство Симферопольской соборной мечети началось в 2015 году на Ялтинской улице. Согласно проекту, помещения мечети смогут вместить 3–4 тыс. человек. Основной зал вместит порядка 1,5 тыс. мужчин, а на балконе смогут молиться 900 женщин. По завершении строительства она должна стать главной соборной мечетью Крыма и Симферополя. Мечеть имеет четыре одинаковых минарета и купол. Высота купола составляет 28 м, диаметр — 18 м. Площадь самого здания мечети составляет 1369 кв. м. При мечети также ведется строительство медресе и библиотеки. Возводится Соборная мечеть на деньги частных инвесторов, заказчиком-инвестором выступает некоммерческая организация «Фонд поддержки социально-культурных проектов» (фонд «Соцпроект»). Всего за время строительства инвестировано порядка 6 млрд руб.
В управлении информационной политики Мининформа Крыма РБК сказали, что не знают о задержании.
«В строительстве их фирма субподрядчик, поэтому особого влияния на ход строительства мы не ожидаем», — сказали РБК в Духовном управлении мусульман Крыма. «Мы не в курсе данного процесса. Но это точно никак не связано с Соборной мечетью Крыма», — подчеркнули там.
РБК направил запрос в Министерство строительства и архитектуры Республики Крым. В компании ООО «Индустрия развития» на вопрос о задержании не ответили и положили трубку.",6
"Редакция РБК Приморье подводит итоги декабря. Мы следим за главными событиями, тенденциями и процессами на востоке страны. Рассказываем о самом интересном и важном за последний месяц.
Фото: РБК Приморье
Стоп-слово для строительной реформы
Строительную реформу в Приморье поставили на паузу. Спорный законопроект, который забирает у муниципалитетов такие важные полномочия, как право распоряжаться землей, регулировать градостроительную деятельность и отдает их в руки краевых властей, был отозван губернатором. Официально – на доработку. Якобы стоп-слово знал такой чисто церемониальный орган, как Совет муниципальных образований Приморского края, который направил свежепривезенному из Москвы министру строительства Олегу Гурьеву письмо с отрицательным отзывом на законопроект. В нем также был красочно описан провал прошлых подобных «строительных переделов» в крае. Здесь действительно есть что вспомнить, но мы не будем, нам всем еще к Новому году готовиться…
Видео: РБК Приморье
Закон был действительно сыроват, но это не помешало попытаться протащить его через краевое Заксобрание в максимально сжатые сроки. Учитывая, что для реформы предусмотрен длительный переходный период, время уже поджимает. У региональных властей на носу реновация, президентские спортивные стройки, а там и город-спутник подоспеет. При этом строительных мощностей и рабочих в крае хватает впритык, а объемы отрасли постоянно растут. Поэтому привлечение в регион федеральных застройщиков видится вполне логичным шагом. А крупные игроки хотят понятных правил, систему одного окна ну и, конечно же, клиентов, которым жжет руки льготная ипотека. Пока в Приморье есть только один пункт из трех, а два оставшихся без нового закона не получишь. Но, как мы и говорили, противодействие местных элит будет продолжаться. Впереди нас ждет еще не одна часть Марлезонского балета.
Экспорт поставили на «ручник»
«Самая дружественная среди недружественных» «удружила». Южная Корея объявила, что уже с середины января вводит новые экспортные санкции в отношении России и Белоруссии. Среди почти семи сотен типов товаров, запрещенных для ввоза: тяжелая строительная техника, аккумуляторы, станки и что самое неприятное – все автомобили с объемом двигателя больше двух литров. Не то чтобы «корейцы» были в фаворе на Дальнем Востоке, но их везли, и такие авто стабильно занимали вторую позицию в списках импортируемых иномарок у местных таможенников. Да и автомобильный паром Владивосток – Тонхэ ходит в Россию с полной загрузкой машиномест. Не даром корейцы организовали вторую линию в Сокчо и уже поговаривали о третьей. Но теперь единственное прямое транспортное сообщение с Южной Кореей может оказаться под угрозой. А это значит, что будет перекрыт один из каналов параллельного импорта «японок», поэтому и без того подросшие цены на них могут подскочить еще выше.
Два города юности
Под конец года мэрия Владивостока сорвала имиджевый джекпот. Город смог победить в конкурсе на звание «Молодежной столицы России». После драматичного и бурного финала народного онлайн-голосования, жюри приняло соломоново решение, разделив почетный статус между российской и дальневосточной столицами. Хотя Первопрестольная могла бы и отступить – ей не впервой терять столичный статус, а вот Владивосток пока его только забирал. Тем более что Москва всего неделей ранее получили звание «Столица детского туризма». Но получилось, как получилось. В любом случае, в новом году победителей конкурса обещают осыпать фестивалями, форумами, именитыми спикерами и прочими активностями и артобъектами, хотя никакой конкретики, а уже тем более в рублях, не приводится. Но, судя по воодушевлению профильных работников мэрии, из городского бюджета молодежная политика Владивостока таких средств в ближайшие годы бы не получила.",6
"В Татарстане хотят построить новую особую экономическую зону (ОЭЗ) «Зеленая долина». Ее планируют разместить на территории Азнакаевского, Альметьевского, Заинского и Нижнекамского районов
В Татарстане планируют построить новую особую экономическую   зону (ОЭЗ) «Зеленая долина», сообщило «Реальное время» со ссылкой на Комитет РТ по охране объектов культурного наследия. ОЭЗ хотят  разместить на территории Азнакаевского, Альметьевского, Заинского и Нижнекамского районов. Общая площадь составляет порядка 226,7 га.
ОЭЗ «Зеленая долина» займет 123 га в Нижнекамском районе. Четыре участка площадью 41,3 га располагаются в Азнакаевском районе, два участка в 16,5 га – в Заинском и пять участков на 45,9 га – в Альметьевском районе.
Эксперты комитета выявили 4 археологических объекта в Альметьевском районе, в Заинском районе располагаются 2 объекта культурного наследия. Строительные работы их не затронут.
На планируемом участке для строительства в Нижнекамском районе расположены крупные лесные массивы, степи, луга и пруды. В Азнакаевском районе территории будущей экономической зоны находятся на северной и южной окраинах поселка Актюбинский. Три участка — на НГДУ «Азнакаевскнефть» №3, еще один — на юго-западе Актюбинского.
Проект получил положительное заключение на проведение земляных, строительных, мелиоративных, хозяйственных работ и работ по использованию лесов.
В Татарстане работают две особых экономических зоны. ОЭЗ «Алабуга» была создана первой и располагается в Елабужском районе, занимая площадь 3,9 тыс. га. ОЭЗ «Иннополис» площадью 311 га расположена в Верхнеуслонском и Лаишевском районах
Подпишись на Telegram РБК Татарстан
Программа развития РБК Pro
Освойте 52 навыка за год
Программа развития — удобный инструмент непрерывного обучения новым навыкам для успешной карьеры
Какие неочевидные причины заставляют вас прокрастинировать
Хорошие связи: на какие стили можно разложить нетворкинг
Руководитель, от которого не уходят: как заслужить лояльность подчиненных
Если вы устали, дауншифтинг — не выход. Как сохранить карьеру
Как запоминать по 30 страниц — советы шведского Гранд-мастера памяти
9 способов сделать встречи продуктивнее — от простых до радикальных",6
"В отремонтированном здании будет открыт инклюзивный центр для детей с особенностями развития
Открыть центр планируется осенью 2024 года (Фото: https://ttis.ru/)
Тюменский застройщик за 90 млн руб. реконструирует здание бывшего пансионата им. Оловянникова на ул. Барнаульской. Там планируется открыть единственный в регионе инклюзивный центр для детей с особенностями развития. Об этом РБК Тюмень рассказали в группе компаний «ТИС», реализующей проект.
Застройщик реализует проект на собственные средства. При этом отмечается, что сумма на реализацию объекта может увеличиться, так как капитальный ремонт еще ведется. Уже сейчас полностью заменена крыша, установлены окна и лестницы, построена лифтовая шахта.
Открыть центр планируется осенью 2024 г. В нем дети и их родители смогут получать услуги прикладного анализа поведения, нейропсихологической коррекции и канистерапии — реабилитации с привлечением собак. Также в центре будут работать преподаватели по рисованию, танцам и музыке и откроется бассейн.
«Бассейн размером 6 на 3,5 м послужит местом для реализации методики абилитации. Планируется привлечение специалистов из Москвы и Санкт-Петербурга, в данный момент идут переговоры о возможном сотрудничестве и консультации по различным методикам. После реставрации здание прежнего пансионата может стать одним из лучших инклюзивных семейных центров в России», — рассказали в ГК «ТИС».
Фото: https://ttis.ru/
Андрей Мошкин, специалист по работе с поведенческими заболеваниями, рассказал РБК Тюмень, что в абилитационном центре планируется объединить лучших специалистов, которые работают с детьми с ментальными нарушениями и опорно-двигательным аппаратом.
Центр был внесен в реестр инвестиционных проектов Тюменской области. Ранее мы сообщали, что в 2023 г. в него были включены 360 проектов, а объем инвестиций составил 36,5 млрд руб.",6
"Фото: Проект третьего моста через Каму (Фото: министерство строительство Пермского края)
ФАУ «Главное управление государственной экспертизы» выдало положительное заключение на проектную документацию и результаты инженерных изысканий по объекту «Мостовой переход через Каму с подходами». Документ выдан КГБУ «Управление автомобильных дорог и транспорта Пермского края» 27 декабря. Известно, что проектированием строительства объекта занимался ООО «Гео-Проект» из Санкт-Петербурга.

По данным издания Business Class, реализовать проект третьего моста в Перми, стоимость которого оценивается в 65,5 млрд рублей, планируется через заключение концессионного соглашения в 2024 году. Привлечение частных инвестиций означает, что проезд по мосту станет платным.
В ноябре 2023 года РБК Пермь сообщал о том, что власти Прикамья выкупают 17 участков для строительства третьего моста. Они расположены на улицах Окулова, Ленина, Подгорной, Петропавловской, Дзержинского, в районе Решетниковского спуска.

Отметим, проект строительства нового моста предусматривает, что на левом берегу он будет выходить через развязку на ул. Окулова в районе улиц Дзержинского и Хохрякова. На правом берегу подходы к нему начнутся от развязки на пересечении ул. Докучаева, дороги Дружбы, ул. Спешилова и ул. Якутской. Планируется также провести реконструкцию дорожного кольца в Сосновом бору.

Ранее РБК Пермь также сообщал, что на третий мост в Прикамье планируют выделять порядка 1 млрд руб. ежегодно. Строительство третьего моста через Каму может начаться в 2024 году. Об этом сказал губернатор Пермского края Дмитрий Махонин в рамках своего прямого эфира. Также озвучивалось, что ввести мост в эксплуатацию намерены в 2027-м. При этом срок завершения строительства, указанный в Адресной инвестпрограмме — до 2030 года.",6
"Реализация проекта оценивается в 32,2 млрд рублей
Об этом заявили в информационном центре правительства Тюменской области (Фото: Денис Моргунов / РИА URA.RU)
Проектировщиком межвузовского кампуса в Тюмени выступит московская компания «Параметрика». Об этом сообщили в информационном центре правительства Тюменской области.
Она совместно с творческим производственным объединением (ТПО) «Резерв» начнет разработку проектной документации в 2024 г. Главным архитектором нового объекта выступит Владимир Плоткин, он занимает аналогичную должность в ТПО «Резерв». Его проекты были представлены на международных выставках в Лондоне, Берлине и Венеции. Кроме того, компания «Резерв» приняла участие в реконструкции парка «Зарядье» в Москве, а также разрабатывала проекты для компаний «Аэрофлот» и для строительства китайского бизнес-центра «Парк Хуамин».
«Подготовлена концепция для последующего проектирования кампуса, определены параметры и площадь зданий, выделены три ключевые специализации: безопасность живых систем, технологический инжиниринг, энергетическая безопасность», — отметил Даниил Павлович, начальник управления развития образовательной среды департамента образования и науки Тюменской области.
По данным платформы audit-it, ООО «ТПО «Резерв» в 2022 г. получила выручку в размере 266 млн руб., что на 20,1 млн руб., или на 7%, меньше, чем годом ранее. Прибыль в 2022 г. составила 766 тыс. руб., что на 21,8% меньше, чем в 2021 г.
Ранее мы сообщали, что межвузовский кампус построят к концу 2028 г. Стоимость проекта оценивается в 32,2 млрд руб. 52% из софинансирования проекта составят средства из федерального бюджета — это 17 млрд руб. Согласно представленным рендерам, на территории кампуса будут расположены несколько корпусов, колесо обозрения, канатная дорога и причал с яхтами на озере Круглое.
 ",6
"Открытый в 2023 году в Раменках инновационный кластер «Ломоносов» (Фото: пресс-служба Департамента строительства Москвы)
Уходящий год ознаменовался для столичного стройкомплекса обновлением нескольких рекордов и вводом в эксплуатацию ряда знаковых объектов. Однако на этом строители не останавливаются и планируют в 2024 году завершить работу по другим активным проектам и приступить к реализации новых. Об этом на пресс-конференции о ходе реализации адресной инвестиционной программы и программы реновации рассказал глава департамента строительства Москвы Рафик Загрутдинов.
«Из года в год мы увеличиваем не только объемы финансирования строительства, но и показатели ввода как по линейным объектам, так и по площади, — рассказал Рафик Загрутдинов. — Не считая инфраструктурных проектов, сейчас у нас в активной работе 470 объектов недвижимости различного назначения суммарной площадью 10 млн кв. м. Из этого только на 2024 год у нас запланирован ввод 220 объектов, площадь которых составит 5,3 млн кв. м».
Самые крупные и заметные для горожан объекты, появившиеся за последний год, связаны с транспортом — это замыкание Большой кольцевой линии (БКЛ) метро и открытие Московского скоростного диаметра (МСД) в черте МКАД.
Обладая протяженностью более 70 км, БКЛ стала самым большим метрокольцом в мире. Строительство линии велось более десяти лет и являлось крупнейшим проектом за почти 80-летнюю историю московского метро. Запуск движения по полному ходу кольца в марте 2023 года сократил время в пути для миллионов москвичей, создал новые межрайонные связи и центры притяжения.
Платформенный зал станции БКЛ «Сокольники» в день открытия, 1 марта 2023 года
(Фото: Михаил Гребенщиков / РБК)
В свою очередь, МСД — бессветофорная автомагистраль, представляющая собой объединение Северо-Восточной и Юго-Восточной хорд. В 2023 году произошли два знаковых события, связанных с МСД, — запуск движения по южному направлению и продление МСД за пределы МКАД в сторону Некрасовки, где она сомкнулась с трассой М-12 «Восток». Тем самым уже сейчас без поворотов и съездов можно проехать от Санкт-Петербурга до Казани (а в перспективе и за Урал).
Рассказываем о других значимых итогах московского департамента строительства в 2023 году и планах на 2024-й — в транспортной сфере и не только.
Инфраструктура и благоустройство
Помимо масштабных работ по проекту МСД в 2023 году московские строители завершили первый этап реконструкции развязки МКАД с Липецкой улицей, проложили мост через затон Новинки в районе ЗИЛа, а также провели реконструкцию Старо-Рублевского путепровода через железнодорожные пути МЦД-1. «По-прежнему на реконструкции находятся две развязки на МКАД: на пересечении с Алтуфьевским шоссе и на пересечении с улицами Верхние Поля и Капотня», — добавил Загрутдинов. Кроме того, в уходящем году был благоустроен участок Шелепихинской набережной от делового центра «Москва-Сити» до съезда на проспект Багратиона.
Реконструкция развязки МКАД с Липецкой улицей
(Фото: пресс-служба Департамента строительства Москвы)
В планах на 2024 год — закончить реконструкцию развязок на МКАД, продлить южное направление МСД до пересечения с автодорогой Солнцево — Бутово — Варшавское шоссе, благоустроить еще пять набережных (Крутицкую, Симоновскую, Шелепихинскую, Карамышевскую и Тараса Шевченко), а также построить ряд путепроводов — на Ленинградском шоссе, дублере Калужского шоссе и в районе Дубнинской улицы. Строители также собираются достроить несколько возводимых сегодня мостов — автомобильный через Москву-реку в Мнёвниках и пешеходные через Нагатинский затон, через Яузу у МГТУ им. Баумана, а также на остров Балчуг у «Красного Октября».
Ряд объектов, по словам главы депстроя, в наступающем году только начнут возводить. Среди них — путепроводы в Зеленограде и Южном Медведково, еще один мост в районе Мнёвниковской поймы и другие.
Жилое строительство и реновация
При плане в 4,8 млн кв. м жилья на весь 2023 год в Москве уже к ноябрю было введено свыше 5,6 млн кв. м жилой недвижимости. Примерно шестая часть всего объема — строительство по программе реновации. Работает она уже более шести лет, но темпы ее с каждым годом нарастают. Так, в 2023 году были демонтированы более 190 старых домов и сданы свыше 60 новых, в новые светлые квартиры переехали более 40 тыс. москвичей. В 2024 году столичные власти запланировали вовлечь в переселение уже 53 тыс. горожан.
Дом по программе реновации, по адресу: Севастопольский пр, 71к1
(Фото: Департамент строительства Москвы)
Особое внимание Загрутдинов уделил применению технологии «умного» сноса старых хрущевок, который, по сути, представляет собой скорее не снос, а поэтапный разбор здания по строгому алгоритму с упором на переработку и повторное использование стройматериалов. Масштабирование этого принципа на все площадки реновации позволило в уходящем году увеличить число демонтированных строений вчетверо к 2022 году, пояснил глава столичного депстроя. «Мэром Москвы была поставлена задача использовать именно такую технологию при демонтаже абсолютно всех домов по программе реновации», — добавил Загрутдинов.
С осени 2023 года столичному депстрою также поручено достраивать проблемные объекты для обманутых дольщиков. За последние месяцы было завершено возведение двух долгостроев в Новой Москве, в ближайшее время будет сдан третий объект, тоже на территории ТиНАО. Всего в работе у департамента сейчас девять подобных объектов.
Образование и наука
Особенность строительства образовательных объектов в том, что значительное их число возводится частными инвесторами. За счет бюджетных же средств в 2023 году в одной только старой Москве было построено пять школ и семь детсадов, еще четыре объекта планируется ввести до конца года. Всего же в активной работе у московских строителей находится 29 образовательных объектов.
Главным строительным проектом Москвы в сфере высшего образования и науки является создание нового кампуса МГТУ им. Баумана. Это масштабный кластер, раскинувшийся на обоих берегах Яузы и состоящий из 14 зданий общей площадью 170 тыс. кв. м. Именно на 2024 год запланирована сдача ключевых объектов кампуса — многофункционального комплекса для студентов, а также «Квантум-парка» и пяти зданий в ядре территории всего научно-образовательного кластера. По словам Рафика Загрутдинова, мэр Москвы Сергей Собянин поручил завершить строительство кампуса в 2024 году. На данный момент готовность объекта глава депстроя оценивает в 60%.
Объекты здравоохранения
Знаковый проект 2023 года в сфере строительства медучреждений — открытие флагманских центров неотложной помощи при ключевых больницах города. Построенные по новому московскому стандарту экстренной помощи, эти комплексы оборудованы передовой аппаратурой, а помещения организованы с учетом распределения потоков, чтобы наиболее тяжелые пациенты получали уход в первую очередь. Некоторые флагманы также оснащены вертолетными площадками.
Флагманский центр ГКБ № 15 имени О.М. Филатова
(Фото: пресс-служба Департамента строительства Москвы)
В уходящем году в Москве департаментом строительства Москвы введено в эксплуатацию 14 медицинских объектов, включая два флагманских центра, новые поликлиники, корпуса клинических больниц и подстанцию скорой помощи в Щербинке. На 2024 год запланировано открытие еще четырех поликлиник, лучевого корпуса больницы в Коммунарке, а также пятого флагмана — при ГКБ имени В.М. Буянова на Бакинской улице в Царицыно. Другой крупный проект на стадии строительства, который к тому же находится на особом контроле Сергея Собянина, — расширение детской больницы святого Владимира в Сокольниках. В новом корпусе появятся 15 разнопрофильных операционных, Центр гравитационной хирургии крови и гемодиализа, а также отделение интенсивной терапии для новорожденных. Готовность объекта глава депстроя оценивает в 45%.
Здоровый образ жизни
Однако наравне со строительством и ремонтом поликлиник и больниц столичные власти понимают необходимость предупредить поход к специалисту пропагандой здорового образа жизни. Однако любые программы должны иметь твердую базу в виде спортивной инфраструктуры. Сейчас же, как показало недавнее исследование НИУ ВШЭ, спортплощадки находятся в пешей доступности у 67% москвичей, фитнес-центры — у 57%, а бассейны — всего у 39%.
«Мы ставим перед собой важную цель — сделать спорт доступным для всех, — подчеркнул Рафик Загрутдинов. — В обозримом будущем в каждом районе Москвы появится бассейн, каток, универсальный игровой зал». На сегодняшний день в разных районах столицы построено шесть объектов спортивной инфраструктуры, еще два готовятся к вводу, план на 2024 год — четыре сооружения.",6
"Всего липецкие власти рассчитывают направить на развитие спортивной инфраструктуры в 2024 году более 1 млрд рублей
Фото: РБК Черноземье
Строительство 50-метрового бассейна и крытых теннисных кортов запланировано в Липецке в 2024 году. Стоимость объектов составит около 270 млн рублей. Об этом в своем telegram-канале сообщил губернатор Игорь Артамонов.
Также липецкие власти в следующем году выделят порядка 150 млн рублей на ремонт спортшкол региона. Всего на обновление и на строительство спортивных объектов направят около 1 млрд рублей.
«Сегодня систематически спортом в регионе занимается 61% населения, в прошлом году было 54,4%. С появлением новых объектов у жителей будет еще больше возможностей для ведения здорового образа жизни», — отметил глава региона.
По данным областного правительства, всего в 2019-2023 годах на создание новых спортивных объектов, закупку оборудования и инвентаря, а также поддержку спортивных школ в Липецкой области потратили 5,5 млрд рублей. В регионе были созданы 22 малых спортивных площадки для проведения тестирования ГТО, два физкультурно-оздоровительных комплекса открытого типа, три футбольных поля с искусственным покрытием и легкоатлетическими беговыми дорожками, одно плоскостное спортивное сооружение, пять объектов спорта капитального строительства. За счет дотации из областного бюджета построены семь пришкольных спортивных площадок в Липецке.
Подписывайтесь на РБК Черноземье: «ВКонтакте», Дзен, RuTube, Telegram.",6
"Фото: stroi_mos_ru / Telegram
Возведение нового офисного центра у метро «ЦСКА» начнется летом 2024 года, рассказал заммэра Москвы по вопросам градостроительной политики и строительства Андрей Бочкарев. Квартал будет состоять из трех корпусов переменной этажности (13, 23 и 28 этажей) общей площадью 89 тыс. кв. м и будет располагаться между северным выходом из метро и ТРЦ «Авиапарк» на месте нынешней парковки.
По оценкам Бочкарева, после открытия в трех башнях делового центра появится возможность разместить 9 тыс. рабочих мест. «Кроме того, на первых этажах зданий будут открыты магазины, кафе, рестораны и фитнес-студии», — добавил вице-мэр. Территорию вокруг офисного центра благоустроят, соединив ее с близлежащим парком «Ходынское поле» в единый ансамбль.
Со своей стороны, глава Москомархитектуры Юлиана Княжевская подчеркнула тот факт, что офисный центр на Ходынке возводится в уже сложившемся районе с большим количеством жилья, парковыми зонами, магазинами, социальной и прочей инфраструктурой. «В шаговой доступности от жилых кварталов появляются рабочие места, точки оказания услуг и сервисы, которые нужны людям регулярно, — отметила Княжевская. — Градостроительная политика Москвы как раз направлена на стимулирование инвесторов к созданию подобных объектов».",6
